Model,Rank,CV_F1,CV_Std,Config
XGBoost,1,0.8344540232041597,0.02911564815446891,"{'colsample_bytree': 0.9, 'learning_rate': 0.01, 'max_depth': 10, 'n_estimators': 300, 'scale_pos_weight': np.float64(6.102564102564102), 'subsample': 0.8}"
XGBoost,2,0.8329228578819977,0.023949897360829805,"{'colsample_bytree': 0.8, 'learning_rate': 0.05, 'max_depth': 10, 'n_estimators': 300, 'scale_pos_weight': np.float64(6.102564102564102), 'subsample': 0.8}"
XGBoost,3,0.8329154438337436,0.01696767390826336,"{'colsample_bytree': 0.9, 'learning_rate': 0.01, 'max_depth': 10, 'n_estimators': 200, 'scale_pos_weight': np.float64(6.102564102564102), 'subsample': 0.9}"
XGBoost,4,0.8327815061843152,0.018342573805667384,"{'colsample_bytree': 0.8, 'learning_rate': 0.01, 'max_depth': 10, 'n_estimators': 100, 'scale_pos_weight': np.float64(6.102564102564102), 'subsample': 0.9}"
XGBoost,5,0.8325670554610083,0.02342832988958781,"{'colsample_bytree': 0.8, 'learning_rate': 0.05, 'max_depth': 10, 'n_estimators': 200, 'scale_pos_weight': np.float64(6.102564102564102), 'subsample': 0.8}"
XGBoost,6,0.8323218038249159,0.014666654753653505,"{'colsample_bytree': 0.8, 'learning_rate': 0.05, 'max_depth': 7, 'n_estimators': 100, 'scale_pos_weight': np.float64(6.102564102564102), 'subsample': 0.9}"
XGBoost,7,0.8320031907563081,0.018425394376996532,"{'colsample_bytree': 0.8, 'learning_rate': 0.01, 'max_depth': 10, 'n_estimators': 200, 'scale_pos_weight': np.float64(6.102564102564102), 'subsample': 0.9}"
XGBoost,8,0.8317086491276939,0.026984604152240264,"{'colsample_bytree': 0.8, 'learning_rate': 0.1, 'max_depth': 10, 'n_estimators': 200, 'scale_pos_weight': np.float64(6.102564102564102), 'subsample': 0.8}"
XGBoost,9,0.8316885514122596,0.020235546637065067,"{'colsample_bytree': 0.9, 'learning_rate': 0.01, 'max_depth': 10, 'n_estimators': 300, 'scale_pos_weight': np.float64(6.102564102564102), 'subsample': 0.9}"
XGBoost,10,0.8298582324251577,0.025115847058008536,"{'colsample_bytree': 0.8, 'learning_rate': 0.1, 'max_depth': 10, 'n_estimators': 100, 'scale_pos_weight': np.float64(6.102564102564102), 'subsample': 0.8}"
XGBoost,11,0.8291312432228093,0.020178529224029185,"{'colsample_bytree': 0.8, 'learning_rate': 0.01, 'max_depth': 7, 'n_estimators': 300, 'scale_pos_weight': np.float64(6.102564102564102), 'subsample': 0.8}"
XGBoost,12,0.8291191093502036,0.032240084512049114,"{'colsample_bytree': 0.8, 'learning_rate': 0.01, 'max_depth': 10, 'n_estimators': 300, 'scale_pos_weight': np.float64(6.102564102564102), 'subsample': 0.8}"
XGBoost,13,0.828649302006261,0.023978759118311946,"{'colsample_bytree': 0.8, 'learning_rate': 0.05, 'max_depth': 10, 'n_estimators': 100, 'scale_pos_weight': np.float64(6.102564102564102), 'subsample': 0.9}"
XGBoost,14,0.8285741357482133,0.011423612543695644,"{'colsample_bytree': 0.8, 'learning_rate': 0.01, 'max_depth': 10, 'n_estimators': 300, 'scale_pos_weight': np.float64(6.102564102564102), 'subsample': 0.9}"
XGBoost,15,0.8285554837504743,0.022534991135368502,"{'colsample_bytree': 0.8, 'learning_rate': 0.05, 'max_depth': 10, 'n_estimators': 100, 'scale_pos_weight': np.float64(6.102564102564102), 'subsample': 0.8}"
XGBoost,16,0.8285337704782648,0.025642229281632373,"{'colsample_bytree': 0.9, 'learning_rate': 0.01, 'max_depth': 10, 'n_estimators': 200, 'scale_pos_weight': np.float64(6.102564102564102), 'subsample': 0.8}"
XGBoost,17,0.82835787070627,0.028694193537589365,"{'colsample_bytree': 0.8, 'learning_rate': 0.01, 'max_depth': 10, 'n_estimators': 200, 'scale_pos_weight': np.float64(6.102564102564102), 'subsample': 0.8}"
XGBoost,18,0.8283170343518969,0.015200862974269971,"{'colsample_bytree': 0.8, 'learning_rate': 0.1, 'max_depth': 7, 'n_estimators': 200, 'scale_pos_weight': np.float64(6.102564102564102), 'subsample': 0.8}"
XGBoost,19,0.8281444670749429,0.018016886612624624,"{'colsample_bytree': 0.8, 'learning_rate': 0.1, 'max_depth': 7, 'n_estimators': 100, 'scale_pos_weight': np.float64(6.102564102564102), 'subsample': 0.8}"
XGBoost,20,0.8271948215642071,0.019367922344799837,"{'colsample_bytree': 0.9, 'learning_rate': 0.01, 'max_depth': 10, 'n_estimators': 100, 'scale_pos_weight': np.float64(6.102564102564102), 'subsample': 0.8}"
XGBoost,21,0.8270748463883695,0.021247496365482878,"{'colsample_bytree': 0.9, 'learning_rate': 0.01, 'max_depth': 10, 'n_estimators': 100, 'scale_pos_weight': np.float64(6.102564102564102), 'subsample': 0.9}"
XGBoost,22,0.8268201139489912,0.019418312216617637,"{'colsample_bytree': 0.9, 'learning_rate': 0.05, 'max_depth': 7, 'n_estimators': 200, 'scale_pos_weight': np.float64(6.102564102564102), 'subsample': 0.8}"
XGBoost,23,0.8265856397000506,0.022389024936062797,"{'colsample_bytree': 0.8, 'learning_rate': 0.1, 'max_depth': 10, 'n_estimators': 100, 'scale_pos_weight': np.float64(6.102564102564102), 'subsample': 0.9}"
XGBoost,24,0.8265718158511735,0.01867028348516494,"{'colsample_bytree': 0.8, 'learning_rate': 0.1, 'max_depth': 7, 'n_estimators': 300, 'scale_pos_weight': np.float64(6.102564102564102), 'subsample': 0.8}"
XGBoost,25,0.8263149041128403,0.01892637936535257,"{'colsample_bytree': 0.9, 'learning_rate': 0.05, 'max_depth': 7, 'n_estimators': 300, 'scale_pos_weight': np.float64(6.102564102564102), 'subsample': 0.8}"
XGBoost,26,0.825911842118183,0.0270361165635913,"{'colsample_bytree': 0.8, 'learning_rate': 0.1, 'max_depth': 5, 'n_estimators': 100, 'scale_pos_weight': np.float64(6.102564102564102), 'subsample': 0.8}"
RandomForest,1,0.8258786424567047,0.02729790801506731,"{'class_weight': 'balanced', 'max_depth': 20, 'min_samples_split': 15, 'n_estimators': 250}"
XGBoost,27,0.8250232418674008,0.026346005394194728,"{'colsample_bytree': 0.9, 'learning_rate': 0.05, 'max_depth': 3, 'n_estimators': 300, 'scale_pos_weight': np.float64(6.102564102564102), 'subsample': 0.8}"
XGBoost,28,0.8249702306313136,0.02717742452378043,"{'colsample_bytree': 0.8, 'learning_rate': 0.1, 'max_depth': 5, 'n_estimators': 200, 'scale_pos_weight': np.float64(6.102564102564102), 'subsample': 0.8}"
XGBoost,29,0.824964987059332,0.01927622079473997,"{'colsample_bytree': 0.8, 'learning_rate': 0.1, 'max_depth': 10, 'n_estimators': 200, 'scale_pos_weight': np.float64(6.102564102564102), 'subsample': 0.9}"
XGBoost,30,0.8247892809245437,0.024270855384343804,"{'colsample_bytree': 0.8, 'learning_rate': 0.05, 'max_depth': 5, 'n_estimators': 100, 'scale_pos_weight': np.float64(6.102564102564102), 'subsample': 0.8}"
XGBoost,31,0.8247418560392197,0.0169329135647505,"{'colsample_bytree': 0.8, 'learning_rate': 0.05, 'max_depth': 10, 'n_estimators': 200, 'scale_pos_weight': np.float64(6.102564102564102), 'subsample': 0.9}"
XGBoost,32,0.824718533163989,0.02352460727930351,"{'colsample_bytree': 0.9, 'learning_rate': 0.01, 'max_depth': 7, 'n_estimators': 300, 'scale_pos_weight': np.float64(6.102564102564102), 'subsample': 0.8}"
XGBoost,33,0.8244108262176605,0.021989605782953166,"{'colsample_bytree': 0.9, 'learning_rate': 0.05, 'max_depth': 5, 'n_estimators': 300, 'scale_pos_weight': np.float64(6.102564102564102), 'subsample': 0.8}"
XGBoost,34,0.8243329033142552,0.02675842423876508,"{'colsample_bytree': 0.9, 'learning_rate': 0.05, 'max_depth': 5, 'n_estimators': 100, 'scale_pos_weight': np.float64(6.102564102564102), 'subsample': 0.9}"
XGBoost,35,0.8243309953586069,0.018984376720914867,"{'colsample_bytree': 0.8, 'learning_rate': 0.05, 'max_depth': 7, 'n_estimators': 300, 'scale_pos_weight': np.float64(6.102564102564102), 'subsample': 0.8}"
XGBoost,36,0.824243795308214,0.02267550252028235,"{'colsample_bytree': 0.9, 'learning_rate': 0.1, 'max_depth': 7, 'n_estimators': 300, 'scale_pos_weight': np.float64(6.102564102564102), 'subsample': 0.8}"
XGBoost,37,0.8238897649040396,0.02082604339606797,"{'colsample_bytree': 0.9, 'learning_rate': 0.1, 'max_depth': 7, 'n_estimators': 200, 'scale_pos_weight': np.float64(6.102564102564102), 'subsample': 0.8}"
XGBoost,38,0.82378667467115,0.01687270414973764,"{'colsample_bytree': 0.8, 'learning_rate': 0.1, 'max_depth': 5, 'n_estimators': 100, 'scale_pos_weight': np.float64(6.102564102564102), 'subsample': 0.9}"
RandomForest,2,0.8234906339438757,0.02656198682361123,"{'class_weight': 'balanced', 'max_depth': 20, 'min_samples_split': 20, 'n_estimators': 150}"
RandomForest,3,0.8231417755418067,0.022929004862982917,"{'class_weight': 'balanced', 'max_depth': 25, 'min_samples_split': 20, 'n_estimators': 100}"
RandomForest,4,0.8231205806326459,0.0262097061278912,"{'class_weight': 'balanced', 'max_depth': 20, 'min_samples_split': 20, 'n_estimators': 200}"
XGBoost,39,0.8229307130048593,0.023408213614858092,"{'colsample_bytree': 0.9, 'learning_rate': 0.1, 'max_depth': 7, 'n_estimators': 100, 'scale_pos_weight': np.float64(6.102564102564102), 'subsample': 0.8}"
XGBoost,40,0.822655511167232,0.02478082258415129,"{'colsample_bytree': 0.8, 'learning_rate': 0.1, 'max_depth': 10, 'n_estimators': 300, 'scale_pos_weight': np.float64(6.102564102564102), 'subsample': 0.8}"
XGBoost,41,0.8225757106146032,0.026200258551375536,"{'colsample_bytree': 0.9, 'learning_rate': 0.05, 'max_depth': 10, 'n_estimators': 200, 'scale_pos_weight': np.float64(6.102564102564102), 'subsample': 0.8}"
XGBoost,42,0.8224422103792633,0.01901908845428383,"{'colsample_bytree': 0.9, 'learning_rate': 0.1, 'max_depth': 10, 'n_estimators': 200, 'scale_pos_weight': np.float64(6.102564102564102), 'subsample': 0.9}"
XGBoost,43,0.822403828082652,0.02427455304249827,"{'colsample_bytree': 0.9, 'learning_rate': 0.1, 'max_depth': 10, 'n_estimators': 100, 'scale_pos_weight': np.float64(6.102564102564102), 'subsample': 0.9}"
RandomForest,5,0.822397925142735,0.021511001513027803,"{'class_weight': 'balanced', 'max_depth': 20, 'min_samples_split': 15, 'n_estimators': 100}"
XGBoost,44,0.8220085732261696,0.020316022693425664,"{'colsample_bytree': 0.9, 'learning_rate': 0.05, 'max_depth': 10, 'n_estimators': 300, 'scale_pos_weight': np.float64(6.102564102564102), 'subsample': 0.9}"
RandomForest,6,0.8219488257689381,0.022355465227271647,"{'class_weight': 'balanced', 'max_depth': None, 'min_samples_split': 20, 'n_estimators': 100}"
XGBoost,45,0.8219034221286904,0.02638921353302959,"{'colsample_bytree': 0.9, 'learning_rate': 0.1, 'max_depth': 3, 'n_estimators': 300, 'scale_pos_weight': np.float64(6.102564102564102), 'subsample': 0.8}"
XGBoost,46,0.8218647454268829,0.016114052538939574,"{'colsample_bytree': 0.8, 'learning_rate': 0.05, 'max_depth': 7, 'n_estimators': 200, 'scale_pos_weight': np.float64(6.102564102564102), 'subsample': 0.9}"
RandomForest,7,0.8218583443132562,0.024943199272778854,"{'class_weight': 'balanced', 'max_depth': 25, 'min_samples_split': 15, 'n_estimators': 150}"
RandomForest,8,0.8217864865058783,0.034195753689972144,"{'class_weight': 'balanced', 'max_depth': 20, 'min_samples_split': 15, 'n_estimators': 200}"
XGBoost,47,0.8217606236501626,0.02738845272657045,"{'colsample_bytree': 0.8, 'learning_rate': 0.05, 'max_depth': 5, 'n_estimators': 200, 'scale_pos_weight': np.float64(6.102564102564102), 'subsample': 0.8}"
XGBoost,48,0.8216372777394436,0.020468650555913296,"{'colsample_bytree': 0.9, 'learning_rate': 0.05, 'max_depth': 7, 'n_estimators': 100, 'scale_pos_weight': np.float64(6.102564102564102), 'subsample': 0.8}"
XGBoost,49,0.8215706629491646,0.021197705135137922,"{'colsample_bytree': 0.8, 'learning_rate': 0.05, 'max_depth': 7, 'n_estimators': 200, 'scale_pos_weight': np.float64(6.102564102564102), 'subsample': 0.8}"
XGBoost,50,0.8215413930966328,0.025468272622213066,"{'colsample_bytree': 0.9, 'learning_rate': 0.05, 'max_depth': 10, 'n_estimators': 200, 'scale_pos_weight': np.float64(6.102564102564102), 'subsample': 0.9}"
XGBoost,51,0.8213475989324056,0.016079270084590844,"{'colsample_bytree': 0.9, 'learning_rate': 0.1, 'max_depth': 7, 'n_estimators': 100, 'scale_pos_weight': np.float64(6.102564102564102), 'subsample': 0.9}"
XGBoost,52,0.8211068620982568,0.028016481108444295,"{'colsample_bytree': 0.9, 'learning_rate': 0.1, 'max_depth': 5, 'n_estimators': 300, 'scale_pos_weight': np.float64(6.102564102564102), 'subsample': 0.9}"
XGBoost,53,0.8210075016235582,0.0173973804601498,"{'colsample_bytree': 0.9, 'learning_rate': 0.05, 'max_depth': 5, 'n_estimators': 200, 'scale_pos_weight': np.float64(6.102564102564102), 'subsample': 0.9}"
RandomForest,9,0.8209465548052458,0.026900676725296297,"{'class_weight': 'balanced', 'max_depth': None, 'min_samples_split': 20, 'n_estimators': 200}"
XGBoost,54,0.8209300017567092,0.018883539272457915,"{'colsample_bytree': 0.8, 'learning_rate': 0.1, 'max_depth': 5, 'n_estimators': 300, 'scale_pos_weight': np.float64(6.102564102564102), 'subsample': 0.9}"
XGBoost,55,0.8208975833467805,0.019247357425846472,"{'colsample_bytree': 0.8, 'learning_rate': 0.1, 'max_depth': 10, 'n_estimators': 300, 'scale_pos_weight': np.float64(6.102564102564102), 'subsample': 0.9}"
XGBoost,56,0.8208688772713935,0.017079026847804428,"{'colsample_bytree': 0.8, 'learning_rate': 0.05, 'max_depth': 10, 'n_estimators': 300, 'scale_pos_weight': np.float64(6.102564102564102), 'subsample': 0.9}"
RandomForest,10,0.8208550095653504,0.01930612154337345,"{'class_weight': 'balanced', 'max_depth': 10, 'min_samples_split': 5, 'n_estimators': 200}"
XGBoost,57,0.8207796341442041,0.017243489496635435,"{'colsample_bytree': 0.9, 'learning_rate': 0.05, 'max_depth': 7, 'n_estimators': 300, 'scale_pos_weight': np.float64(6.102564102564102), 'subsample': 0.9}"
XGBoost,58,0.8207303661495912,0.01719443579003284,"{'colsample_bytree': 0.8, 'learning_rate': 0.01, 'max_depth': 10, 'n_estimators': 100, 'scale_pos_weight': np.float64(6.102564102564102), 'subsample': 0.8}"
XGBoost,59,0.8207204405667536,0.024594186874951813,"{'colsample_bytree': 0.8, 'learning_rate': 0.05, 'max_depth': 7, 'n_estimators': 300, 'scale_pos_weight': np.float64(6.102564102564102), 'subsample': 0.9}"
RandomForest,11,0.8207073238317892,0.022056856415382832,"{'class_weight': 'balanced', 'max_depth': 25, 'min_samples_split': 20, 'n_estimators': 150}"
XGBoost,60,0.8206899256410894,0.02713935953773119,"{'colsample_bytree': 0.8, 'learning_rate': 0.1, 'max_depth': 5, 'n_estimators': 300, 'scale_pos_weight': np.float64(6.102564102564102), 'subsample': 0.8}"
RandomForest,12,0.8206895814537536,0.02870233134321882,"{'class_weight': 'balanced', 'max_depth': None, 'min_samples_split': 20, 'n_estimators': 250}"
RandomForest,13,0.8206377658600245,0.02748576057281884,"{'class_weight': 'balanced', 'max_depth': 25, 'min_samples_split': 15, 'n_estimators': 250}"
XGBoost,61,0.8205862676230801,0.01687037733793175,"{'colsample_bytree': 0.8, 'learning_rate': 0.1, 'max_depth': 7, 'n_estimators': 200, 'scale_pos_weight': np.float64(6.102564102564102), 'subsample': 0.9}"
XGBoost,62,0.820501357586975,0.022556920466465794,"{'colsample_bytree': 0.9, 'learning_rate': 0.1, 'max_depth': 10, 'n_estimators': 300, 'scale_pos_weight': np.float64(6.102564102564102), 'subsample': 0.9}"
XGBoost,63,0.8204988504228924,0.02502954246038796,"{'colsample_bytree': 0.8, 'learning_rate': 0.01, 'max_depth': 7, 'n_estimators': 200, 'scale_pos_weight': np.float64(6.102564102564102), 'subsample': 0.8}"
RandomForest,14,0.8204296919285545,0.028795237742227017,"{'class_weight': 'balanced', 'max_depth': 20, 'min_samples_split': 15, 'n_estimators': 150}"
XGBoost,64,0.8203925793299902,0.02427855043256441,"{'colsample_bytree': 0.9, 'learning_rate': 0.1, 'max_depth': 5, 'n_estimators': 100, 'scale_pos_weight': np.float64(6.102564102564102), 'subsample': 0.9}"
XGBoost,65,0.8203704035828364,0.0198920973910868,"{'colsample_bytree': 0.8, 'learning_rate': 0.05, 'max_depth': 5, 'n_estimators': 300, 'scale_pos_weight': np.float64(6.102564102564102), 'subsample': 0.8}"
RandomForest,15,0.8203628537065473,0.021935520486670138,"{'class_weight': 'balanced', 'max_depth': None, 'min_samples_split': 20, 'n_estimators': 150}"
RandomForest,16,0.8201089420651396,0.025002951140610227,"{'class_weight': 'balanced', 'max_depth': 15, 'min_samples_split': 20, 'n_estimators': 100}"
RandomForest,17,0.8200884724731381,0.025123760349066514,"{'class_weight': 'balanced', 'max_depth': None, 'min_samples_split': 15, 'n_estimators': 150}"
RandomForest,18,0.8200308105002103,0.028245287380663217,"{'class_weight': 'balanced', 'max_depth': 25, 'min_samples_split': 15, 'n_estimators': 200}"
XGBoost,66,0.8200265571470651,0.027525210870097076,"{'colsample_bytree': 0.9, 'learning_rate': 0.1, 'max_depth': 5, 'n_estimators': 200, 'scale_pos_weight': np.float64(6.102564102564102), 'subsample': 0.9}"
XGBoost,67,0.8199636118360638,0.028899400066830006,"{'colsample_bytree': 0.9, 'learning_rate': 0.1, 'max_depth': 10, 'n_estimators': 100, 'scale_pos_weight': np.float64(6.102564102564102), 'subsample': 0.8}"
XGBoost,68,0.819932243867233,0.02768708494611331,"{'colsample_bytree': 0.9, 'learning_rate': 0.05, 'max_depth': 10, 'n_estimators': 300, 'scale_pos_weight': np.float64(6.102564102564102), 'subsample': 0.8}"
XGBoost,69,0.819923077792474,0.014473025706242463,"{'colsample_bytree': 0.9, 'learning_rate': 0.1, 'max_depth': 7, 'n_estimators': 300, 'scale_pos_weight': np.float64(6.102564102564102), 'subsample': 0.9}"
XGBoost,70,0.8198910505891694,0.02538091269120369,"{'colsample_bytree': 0.9, 'learning_rate': 0.05, 'max_depth': 5, 'n_estimators': 200, 'scale_pos_weight': np.float64(6.102564102564102), 'subsample': 0.8}"
XGBoost,71,0.8198281853081847,0.01762660408871577,"{'colsample_bytree': 0.8, 'learning_rate': 0.01, 'max_depth': 7, 'n_estimators': 200, 'scale_pos_weight': np.float64(6.102564102564102), 'subsample': 0.9}"
XGBoost,72,0.8196762568188947,0.02465578280419201,"{'colsample_bytree': 0.9, 'learning_rate': 0.1, 'max_depth': 10, 'n_estimators': 200, 'scale_pos_weight': np.float64(6.102564102564102), 'subsample': 0.8}"
XGBoost,73,0.819532046541348,0.01545315790000926,"{'colsample_bytree': 0.9, 'learning_rate': 0.05, 'max_depth': 7, 'n_estimators': 200, 'scale_pos_weight': np.float64(6.102564102564102), 'subsample': 0.9}"
RandomForest,19,0.8195124936063751,0.021482602825729828,"{'class_weight': 'balanced', 'max_depth': 15, 'min_samples_split': 20, 'n_estimators': 150}"
XGBoost,74,0.819264754465592,0.027201721466211488,"{'colsample_bytree': 0.9, 'learning_rate': 0.05, 'max_depth': 10, 'n_estimators': 100, 'scale_pos_weight': np.float64(6.102564102564102), 'subsample': 0.9}"
RandomForest,20,0.819190967201348,0.017536986440534506,"{'class_weight': 'balanced', 'max_depth': 10, 'min_samples_split': 5, 'n_estimators': 150}"
RandomForest,21,0.8191400418234739,0.0289936236763146,"{'class_weight': 'balanced', 'max_depth': 25, 'min_samples_split': 20, 'n_estimators': 200}"
RandomForest,22,0.8190625442284585,0.027525574678272824,"{'class_weight': 'balanced', 'max_depth': 25, 'min_samples_split': 15, 'n_estimators': 100}"
XGBoost,75,0.8189381182301052,0.026168906128698346,"{'colsample_bytree': 0.8, 'learning_rate': 0.05, 'max_depth': 7, 'n_estimators': 100, 'scale_pos_weight': np.float64(6.102564102564102), 'subsample': 0.8}"
RandomForest,23,0.8188359468348863,0.029537732390129415,"{'class_weight': 'balanced', 'max_depth': None, 'min_samples_split': 15, 'n_estimators': 100}"
RandomForest,24,0.8186858658313658,0.033959917902013845,"{'class_weight': 'balanced', 'max_depth': None, 'min_samples_split': 15, 'n_estimators': 200}"
XGBoost,76,0.8186100556379408,0.025144323540560412,"{'colsample_bytree': 0.9, 'learning_rate': 0.05, 'max_depth': 10, 'n_estimators': 100, 'scale_pos_weight': np.float64(6.102564102564102), 'subsample': 0.8}"
XGBoost,77,0.8185595446389599,0.02197885670280724,"{'colsample_bytree': 0.9, 'learning_rate': 0.01, 'max_depth': 7, 'n_estimators': 200, 'scale_pos_weight': np.float64(6.102564102564102), 'subsample': 0.8}"
RandomForest,25,0.8181411679681396,0.02644195290171331,"{'class_weight': 'balanced', 'max_depth': None, 'min_samples_split': 15, 'n_estimators': 250}"
XGBoost,78,0.8181006473205799,0.016115568370112854,"{'colsample_bytree': 0.9, 'learning_rate': 0.01, 'max_depth': 7, 'n_estimators': 200, 'scale_pos_weight': np.float64(6.102564102564102), 'subsample': 0.9}"
XGBoost,79,0.8180073859313121,0.02969858637837128,"{'colsample_bytree': 0.8, 'learning_rate': 0.1, 'max_depth': 3, 'n_estimators': 300, 'scale_pos_weight': np.float64(6.102564102564102), 'subsample': 0.9}"
RandomForest,26,0.8179157488087974,0.026363143525707518,"{'class_weight': 'balanced', 'max_depth': 15, 'min_samples_split': 20, 'n_estimators': 250}"
XGBoost,80,0.8179145121733142,0.01834597791298348,"{'colsample_bytree': 0.8, 'learning_rate': 0.1, 'max_depth': 7, 'n_estimators': 100, 'scale_pos_weight': np.float64(6.102564102564102), 'subsample': 0.9}"
XGBoost,81,0.8179014184607624,0.0183671694472331,"{'colsample_bytree': 0.8, 'learning_rate': 0.1, 'max_depth': 5, 'n_estimators': 200, 'scale_pos_weight': np.float64(6.102564102564102), 'subsample': 0.9}"
RandomForest,27,0.8178786287133206,0.026226481353760395,"{'class_weight': 'balanced', 'max_depth': 15, 'min_samples_split': 20, 'n_estimators': 200}"
XGBoost,82,0.8176217357397114,0.019784486387184212,"{'colsample_bytree': 0.9, 'learning_rate': 0.05, 'max_depth': 5, 'n_estimators': 300, 'scale_pos_weight': np.float64(6.102564102564102), 'subsample': 0.9}"
XGBoost,83,0.8176212546396636,0.016775803455085492,"{'colsample_bytree': 0.8, 'learning_rate': 0.05, 'max_depth': 5, 'n_estimators': 200, 'scale_pos_weight': np.float64(6.102564102564102), 'subsample': 0.9}"
RandomForest,28,0.8176175599512119,0.01928566444887464,"{'class_weight': 'balanced', 'max_depth': 10, 'min_samples_split': 5, 'n_estimators': 250}"
RandomForest,29,0.8175214603923386,0.027787013591677397,"{'class_weight': 'balanced', 'max_depth': 25, 'min_samples_split': 20, 'n_estimators': 250}"
RandomForest,30,0.8174739892092457,0.018894109373794248,"{'class_weight': 'balanced', 'max_depth': 10, 'min_samples_split': 15, 'n_estimators': 150}"
XGBoost,84,0.8172516889638874,0.02108517923043016,"{'colsample_bytree': 0.8, 'learning_rate': 0.01, 'max_depth': 7, 'n_estimators': 300, 'scale_pos_weight': np.float64(6.102564102564102), 'subsample': 0.9}"
RandomForest,31,0.817224444474415,0.024744422313122676,"{'class_weight': 'balanced', 'max_depth': 20, 'min_samples_split': 20, 'n_estimators': 100}"
RandomForest,32,0.8171719771912732,0.025146377175562472,"{'class_weight': 'balanced', 'max_depth': 10, 'min_samples_split': 10, 'n_estimators': 150}"
RandomForest,33,0.81690027864071,0.02629741387489829,"{'class_weight': 'balanced', 'max_depth': 10, 'min_samples_split': 10, 'n_estimators': 250}"
XGBoost,85,0.8167017862471113,0.03196587010661901,"{'colsample_bytree': 0.9, 'learning_rate': 0.05, 'max_depth': 5, 'n_estimators': 100, 'scale_pos_weight': np.float64(6.102564102564102), 'subsample': 0.8}"
XGBoost,86,0.8166369010926259,0.01906875970995427,"{'colsample_bytree': 0.8, 'learning_rate': 0.05, 'max_depth': 5, 'n_estimators': 100, 'scale_pos_weight': np.float64(6.102564102564102), 'subsample': 0.9}"
XGBoost,87,0.8162290672488407,0.026767183771287083,"{'colsample_bytree': 0.9, 'learning_rate': 0.1, 'max_depth': 3, 'n_estimators': 200, 'scale_pos_weight': np.float64(6.102564102564102), 'subsample': 0.8}"
XGBoost,88,0.816175014676203,0.013545040780203845,"{'colsample_bytree': 0.9, 'learning_rate': 0.05, 'max_depth': 7, 'n_estimators': 100, 'scale_pos_weight': np.float64(6.102564102564102), 'subsample': 0.9}"
XGBoost,89,0.8161460938193731,0.022758619972019875,"{'colsample_bytree': 0.9, 'learning_rate': 0.01, 'max_depth': 7, 'n_estimators': 300, 'scale_pos_weight': np.float64(6.102564102564102), 'subsample': 0.9}"
RandomForest,34,0.815986857750109,0.026944573916002457,"{'class_weight': 'balanced', 'max_depth': 15, 'min_samples_split': 15, 'n_estimators': 200}"
XGBoost,90,0.8159553737876785,0.021215349984574427,"{'colsample_bytree': 0.8, 'learning_rate': 0.05, 'max_depth': 3, 'n_estimators': 300, 'scale_pos_weight': np.float64(6.102564102564102), 'subsample': 0.9}"
XGBoost,91,0.8157927804953806,0.0189947305845445,"{'colsample_bytree': 0.8, 'learning_rate': 0.01, 'max_depth': 5, 'n_estimators': 300, 'scale_pos_weight': np.float64(6.102564102564102), 'subsample': 0.8}"
RandomForest,35,0.8155641263967268,0.024228179460774848,"{'class_weight': 'balanced', 'max_depth': 10, 'min_samples_split': 15, 'n_estimators': 250}"
XGBoost,92,0.8155629115982098,0.017503492796132954,"{'colsample_bytree': 0.8, 'learning_rate': 0.1, 'max_depth': 7, 'n_estimators': 300, 'scale_pos_weight': np.float64(6.102564102564102), 'subsample': 0.9}"
RandomForest,36,0.8155429073463607,0.022125581013502416,"{'class_weight': 'balanced', 'max_depth': 10, 'min_samples_split': 5, 'n_estimators': 100}"
RandomForest,37,0.8154878067116279,0.026207649133847415,"{'class_weight': 'balanced', 'max_depth': 15, 'min_samples_split': 5, 'n_estimators': 150}"
XGBoost,93,0.8154134316824313,0.02246703780410695,"{'colsample_bytree': 0.9, 'learning_rate': 0.1, 'max_depth': 5, 'n_estimators': 200, 'scale_pos_weight': np.float64(6.102564102564102), 'subsample': 0.8}"
XGBoost,94,0.815266228083475,0.01873216343171395,"{'colsample_bytree': 0.9, 'learning_rate': 0.1, 'max_depth': 7, 'n_estimators': 200, 'scale_pos_weight': np.float64(6.102564102564102), 'subsample': 0.9}"
XGBoost,95,0.8152069030736022,0.024594650605131347,"{'colsample_bytree': 0.9, 'learning_rate': 0.1, 'max_depth': 5, 'n_estimators': 100, 'scale_pos_weight': np.float64(6.102564102564102), 'subsample': 0.8}"
RandomForest,38,0.8150670257344844,0.02264739704673867,"{'class_weight': 'balanced', 'max_depth': 10, 'min_samples_split': 10, 'n_estimators': 100}"
RandomForest,39,0.8148734602267315,0.027652466678978336,"{'class_weight': 'balanced', 'max_depth': 15, 'min_samples_split': 15, 'n_estimators': 100}"
RandomForest,40,0.8148691903766114,0.022805831641366063,"{'class_weight': 'balanced', 'max_depth': 10, 'min_samples_split': 15, 'n_estimators': 200}"
XGBoost,96,0.8148556444053847,0.020713873984828438,"{'colsample_bytree': 0.9, 'learning_rate': 0.1, 'max_depth': 5, 'n_estimators': 300, 'scale_pos_weight': np.float64(6.102564102564102), 'subsample': 0.8}"
XGBoost,97,0.8148461084479246,0.02419218935401506,"{'colsample_bytree': 0.9, 'learning_rate': 0.1, 'max_depth': 10, 'n_estimators': 300, 'scale_pos_weight': np.float64(6.102564102564102), 'subsample': 0.8}"
XGBoost,98,0.8147951268515679,0.01400574594991758,"{'colsample_bytree': 0.8, 'learning_rate': 0.01, 'max_depth': 7, 'n_estimators': 100, 'scale_pos_weight': np.float64(6.102564102564102), 'subsample': 0.9}"
XGBoost,99,0.8147949554973575,0.024433857819819268,"{'colsample_bytree': 0.8, 'learning_rate': 0.1, 'max_depth': 3, 'n_estimators': 200, 'scale_pos_weight': np.float64(6.102564102564102), 'subsample': 0.9}"
RandomForest,41,0.8147370334572577,0.02495462481043232,"{'class_weight': 'balanced', 'max_depth': 15, 'min_samples_split': 10, 'n_estimators': 200}"
XGBoost,100,0.8147042375573882,0.021384870508593497,"{'colsample_bytree': 0.8, 'learning_rate': 0.05, 'max_depth': 3, 'n_estimators': 200, 'scale_pos_weight': np.float64(6.102564102564102), 'subsample': 0.8}"
XGBoost,101,0.8144842596514584,0.02457721534418644,"{'colsample_bytree': 0.9, 'learning_rate': 0.1, 'max_depth': 3, 'n_estimators': 300, 'scale_pos_weight': np.float64(6.102564102564102), 'subsample': 0.9}"
RandomForest,42,0.8144021124059121,0.03435090804509052,"{'class_weight': 'balanced', 'max_depth': 20, 'min_samples_split': 20, 'n_estimators': 250}"
RandomForest,43,0.8143400448722588,0.027313801832885606,"{'class_weight': 'balanced', 'max_depth': 15, 'min_samples_split': 5, 'n_estimators': 250}"
RandomForest,44,0.8142868585336108,0.024834593120530914,"{'class_weight': 'balanced', 'max_depth': 10, 'min_samples_split': 10, 'n_estimators': 200}"
XGBoost,102,0.8142067151172805,0.01494336998497435,"{'colsample_bytree': 0.8, 'learning_rate': 0.05, 'max_depth': 5, 'n_estimators': 300, 'scale_pos_weight': np.float64(6.102564102564102), 'subsample': 0.9}"
XGBoost,103,0.8141711926971734,0.018248697871149296,"{'colsample_bytree': 0.9, 'learning_rate': 0.01, 'max_depth': 5, 'n_estimators': 300, 'scale_pos_weight': np.float64(6.102564102564102), 'subsample': 0.8}"
RandomForest,45,0.8140529504706568,0.021151292639916285,"{'class_weight': 'balanced', 'max_depth': 10, 'min_samples_split': 15, 'n_estimators': 100}"
XGBoost,104,0.8140140415484656,0.023126562583063098,"{'colsample_bytree': 0.9, 'learning_rate': 0.01, 'max_depth': 5, 'n_estimators': 300, 'scale_pos_weight': np.float64(6.102564102564102), 'subsample': 0.9}"
RandomForest,46,0.813935776167529,0.021009770218297075,"{'class_weight': 'balanced', 'max_depth': 20, 'min_samples_split': 5, 'n_estimators': 100}"
RandomForest,47,0.8137021318155423,0.025659234250090018,"{'class_weight': 'balanced', 'max_depth': 15, 'min_samples_split': 15, 'n_estimators': 150}"
RandomForest,48,0.8135079085192419,0.026741750683213755,"{'class_weight': 'balanced', 'max_depth': 15, 'min_samples_split': 10, 'n_estimators': 100}"
RandomForest,49,0.8133935541919595,0.02420503489140862,"{'class_weight': 'balanced', 'max_depth': 15, 'min_samples_split': 10, 'n_estimators': 250}"
RandomForest,50,0.8130268723532783,0.029478327867053077,"{'class_weight': 'balanced', 'max_depth': 15, 'min_samples_split': 15, 'n_estimators': 250}"
XGBoost,105,0.8129745580822647,0.019837390260975963,"{'colsample_bytree': 0.8, 'learning_rate': 0.01, 'max_depth': 7, 'n_estimators': 100, 'scale_pos_weight': np.float64(6.102564102564102), 'subsample': 0.8}"
RandomForest,51,0.8128849883868046,0.01978323867131007,"{'class_weight': 'balanced', 'max_depth': 25, 'min_samples_split': 10, 'n_estimators': 250}"
RandomForest,52,0.8118376725479944,0.024339814142733174,"{'class_weight': 'balanced', 'max_depth': 10, 'min_samples_split': 20, 'n_estimators': 250}"
RandomForest,53,0.8116987669910142,0.024742595243457045,"{'class_weight': 'balanced', 'max_depth': 15, 'min_samples_split': 5, 'n_estimators': 200}"
XGBoost,106,0.8116158128821649,0.03130864825805815,"{'colsample_bytree': 0.8, 'learning_rate': 0.05, 'max_depth': 3, 'n_estimators': 300, 'scale_pos_weight': np.float64(6.102564102564102), 'subsample': 0.8}"
XGBoost,107,0.8114678301848894,0.01806605758215842,"{'colsample_bytree': 0.8, 'learning_rate': 0.1, 'max_depth': 3, 'n_estimators': 300, 'scale_pos_weight': np.float64(6.102564102564102), 'subsample': 0.8}"
XGBoost,108,0.8113828777045831,0.0260663666920623,"{'colsample_bytree': 0.9, 'learning_rate': 0.05, 'max_depth': 3, 'n_estimators': 300, 'scale_pos_weight': np.float64(6.102564102564102), 'subsample': 0.9}"
RandomForest,54,0.8113820670620276,0.024714624063950065,"{'class_weight': 'balanced', 'max_depth': 20, 'min_samples_split': 10, 'n_estimators': 250}"
XGBoost,109,0.8113320715651431,0.014406665416498567,"{'colsample_bytree': 0.9, 'learning_rate': 0.01, 'max_depth': 7, 'n_estimators': 100, 'scale_pos_weight': np.float64(6.102564102564102), 'subsample': 0.9}"
RandomForest,55,0.8106330457105562,0.024809130741340366,"{'class_weight': 'balanced', 'max_depth': None, 'min_samples_split': 10, 'n_estimators': 250}"
XGBoost,110,0.8103831535322443,0.015829164305923883,"{'colsample_bytree': 0.9, 'learning_rate': 0.1, 'max_depth': 3, 'n_estimators': 100, 'scale_pos_weight': np.float64(6.102564102564102), 'subsample': 0.8}"
RandomForest,56,0.8102746786015127,0.022222147562056368,"{'class_weight': 'balanced', 'max_depth': 10, 'min_samples_split': 20, 'n_estimators': 200}"
RandomForest,57,0.8095357897551964,0.0233592247533248,"{'class_weight': 'balanced', 'max_depth': 20, 'min_samples_split': 10, 'n_estimators': 200}"
RandomForest,58,0.8089770400735505,0.014946630848200226,"{'class_weight': 'balanced', 'max_depth': 25, 'min_samples_split': 10, 'n_estimators': 200}"
XGBoost,111,0.8089726927816242,0.020077443222217824,"{'colsample_bytree': 0.8, 'learning_rate': 0.01, 'max_depth': 5, 'n_estimators': 300, 'scale_pos_weight': np.float64(6.102564102564102), 'subsample': 0.9}"
XGBoost,112,0.8086436389614166,0.020645875627296414,"{'colsample_bytree': 0.9, 'learning_rate': 0.01, 'max_depth': 7, 'n_estimators': 100, 'scale_pos_weight': np.float64(6.102564102564102), 'subsample': 0.8}"
RandomForest,59,0.8086326241176252,0.025804210577908753,"{'class_weight': 'balanced', 'max_depth': 15, 'min_samples_split': 5, 'n_estimators': 100}"
RandomForest,60,0.8083240016857431,0.017795165766939777,"{'class_weight': 'balanced', 'max_depth': None, 'min_samples_split': 10, 'n_estimators': 200}"
XGBoost,113,0.8082318551772392,0.016983663904285528,"{'colsample_bytree': 0.8, 'learning_rate': 0.1, 'max_depth': 3, 'n_estimators': 100, 'scale_pos_weight': np.float64(6.102564102564102), 'subsample': 0.9}"
RandomForest,61,0.8079141668080396,0.02237548138222771,"{'class_weight': 'balanced', 'max_depth': 20, 'min_samples_split': 5, 'n_estimators': 200}"
XGBoost,114,0.8075190379216997,0.013637645000204836,"{'colsample_bytree': 0.9, 'learning_rate': 0.05, 'max_depth': 3, 'n_estimators': 200, 'scale_pos_weight': np.float64(6.102564102564102), 'subsample': 0.8}"
RandomForest,62,0.8073056514311571,0.02383252014963421,"{'class_weight': 'balanced', 'max_depth': 15, 'min_samples_split': 10, 'n_estimators': 150}"
RandomForest,63,0.8069311005333842,0.019551095412432874,"{'class_weight': 'balanced', 'max_depth': 10, 'min_samples_split': 20, 'n_estimators': 150}"
XGBoost,115,0.8066655070259827,0.01761746387310964,"{'colsample_bytree': 0.8, 'learning_rate': 0.1, 'max_depth': 3, 'n_estimators': 200, 'scale_pos_weight': np.float64(6.102564102564102), 'subsample': 0.8}"
XGBoost,116,0.8065351615649083,0.020051384878650734,"{'colsample_bytree': 0.8, 'learning_rate': 0.05, 'max_depth': 3, 'n_estimators': 200, 'scale_pos_weight': np.float64(6.102564102564102), 'subsample': 0.9}"
RandomForest,64,0.806443298619822,0.020663833589807473,"{'class_weight': 'balanced', 'max_depth': 10, 'min_samples_split': 20, 'n_estimators': 100}"
RandomForest,65,0.8048344267650318,0.023959708490636025,"{'class_weight': 'balanced', 'max_depth': 25, 'min_samples_split': 5, 'n_estimators': 100}"
RandomForest,66,0.8047370714882259,0.02276478791479522,"{'class_weight': 'balanced', 'max_depth': 20, 'min_samples_split': 5, 'n_estimators': 150}"
RandomForest,67,0.8039945497584343,0.01580374225943834,"{'class_weight': 'balanced', 'max_depth': 25, 'min_samples_split': 10, 'n_estimators': 100}"
RandomForest,68,0.8034443947568001,0.0184138442144398,"{'class_weight': 'balanced', 'max_depth': None, 'min_samples_split': 10, 'n_estimators': 150}"
XGBoost,117,0.8032984119716418,0.017056234642774084,"{'colsample_bytree': 0.8, 'learning_rate': 0.01, 'max_depth': 5, 'n_estimators': 200, 'scale_pos_weight': np.float64(6.102564102564102), 'subsample': 0.9}"
XGBoost,118,0.8027267273605492,0.0113291648107009,"{'colsample_bytree': 0.9, 'learning_rate': 0.01, 'max_depth': 5, 'n_estimators': 200, 'scale_pos_weight': np.float64(6.102564102564102), 'subsample': 0.8}"
RandomForest,69,0.8025514995611502,0.022800196011251845,"{'class_weight': 'balanced', 'max_depth': None, 'min_samples_split': 5, 'n_estimators': 100}"
XGBoost,119,0.8023064640990695,0.012591974758588278,"{'colsample_bytree': 0.8, 'learning_rate': 0.01, 'max_depth': 5, 'n_estimators': 200, 'scale_pos_weight': np.float64(6.102564102564102), 'subsample': 0.8}"
RandomForest,70,0.8022925267082336,0.019404664015890936,"{'class_weight': 'balanced', 'max_depth': 20, 'min_samples_split': 5, 'n_estimators': 250}"
RandomForest,71,0.8016175812201896,0.021708534063976437,"{'class_weight': 'balanced', 'max_depth': 20, 'min_samples_split': 10, 'n_estimators': 100}"
XGBoost,120,0.8013722049780991,0.022146777775957603,"{'colsample_bytree': 0.8, 'learning_rate': 0.1, 'max_depth': 3, 'n_estimators': 100, 'scale_pos_weight': np.float64(6.102564102564102), 'subsample': 0.8}"
RandomForest,72,0.8007991518869557,0.02926051008647737,"{'class_weight': 'balanced', 'max_depth': 20, 'min_samples_split': 10, 'n_estimators': 150}"
XGBoost,121,0.8000982752199348,0.015176293739580427,"{'colsample_bytree': 0.9, 'learning_rate': 0.01, 'max_depth': 5, 'n_estimators': 200, 'scale_pos_weight': np.float64(6.102564102564102), 'subsample': 0.9}"
RandomForest,73,0.8000659768537716,0.018950841567390377,"{'class_weight': 'balanced', 'max_depth': 25, 'min_samples_split': 10, 'n_estimators': 150}"
XGBoost,122,0.7994238133487579,0.02074993993523714,"{'colsample_bytree': 0.9, 'learning_rate': 0.05, 'max_depth': 3, 'n_estimators': 200, 'scale_pos_weight': np.float64(6.102564102564102), 'subsample': 0.9}"
XGBoost,123,0.7980884048342488,0.02622509147346339,"{'colsample_bytree': 0.9, 'learning_rate': 0.1, 'max_depth': 3, 'n_estimators': 200, 'scale_pos_weight': np.float64(6.102564102564102), 'subsample': 0.9}"
XGBoost,124,0.7980164926025043,0.026892871500101903,"{'colsample_bytree': 0.9, 'learning_rate': 0.1, 'max_depth': 3, 'n_estimators': 100, 'scale_pos_weight': np.float64(6.102564102564102), 'subsample': 0.9}"
RandomForest,74,0.7961023357791726,0.016081400520032443,"{'class_weight': 'balanced', 'max_depth': None, 'min_samples_split': 10, 'n_estimators': 100}"
RandomForest,75,0.795322426333947,0.02372518612217209,"{'class_weight': 'balanced', 'max_depth': None, 'min_samples_split': 5, 'n_estimators': 150}"
RandomForest,76,0.7936065940157745,0.02344020766061911,"{'class_weight': 'balanced', 'max_depth': 25, 'min_samples_split': 5, 'n_estimators': 150}"
XGBoost,125,0.7934977641470077,0.015201998069026447,"{'colsample_bytree': 0.8, 'learning_rate': 0.05, 'max_depth': 3, 'n_estimators': 100, 'scale_pos_weight': np.float64(6.102564102564102), 'subsample': 0.9}"
XGBoost,126,0.792701419967724,0.015412976647454682,"{'colsample_bytree': 0.9, 'learning_rate': 0.05, 'max_depth': 3, 'n_estimators': 100, 'scale_pos_weight': np.float64(6.102564102564102), 'subsample': 0.9}"
XGBoost,127,0.7924805205861942,0.010846454147626703,"{'colsample_bytree': 0.8, 'learning_rate': 0.01, 'max_depth': 5, 'n_estimators': 100, 'scale_pos_weight': np.float64(6.102564102564102), 'subsample': 0.8}"
XGBoost,128,0.7920973615028635,0.013289810825308473,"{'colsample_bytree': 0.9, 'learning_rate': 0.05, 'max_depth': 3, 'n_estimators': 100, 'scale_pos_weight': np.float64(6.102564102564102), 'subsample': 0.8}"
RandomForest,77,0.7915762803051001,0.01660674115442288,"{'class_weight': 'balanced', 'max_depth': 25, 'min_samples_split': 5, 'n_estimators': 250}"
LogisticRegression,1,0.7915201527074129,0.01958888620507553,"{'C': 0.01, 'penalty': 'l2', 'solver': 'liblinear'}"
RandomForest,78,0.7913637148652083,0.02284212458441178,"{'class_weight': 'balanced', 'max_depth': None, 'min_samples_split': 5, 'n_estimators': 250}"
SVM,1,0.7909627445123285,0.018388923582007145,"{'C': 10.0, 'gamma': 'scale', 'kernel': 'rbf'}"
SVM,1,0.7909627445123285,0.018388923582007145,"{'C': 10.0, 'gamma': 'auto', 'kernel': 'rbf'}"
XGBoost,129,0.7907091702109321,0.015507483740949533,"{'colsample_bytree': 0.8, 'learning_rate': 0.05, 'max_depth': 3, 'n_estimators': 100, 'scale_pos_weight': np.float64(6.102564102564102), 'subsample': 0.8}"
RandomForest,79,0.7899043867443044,0.021380464082262234,"{'class_weight': 'balanced', 'max_depth': None, 'min_samples_split': 5, 'n_estimators': 200}"
XGBoost,130,0.7891429653006646,0.010100183561881033,"{'colsample_bytree': 0.9, 'learning_rate': 0.01, 'max_depth': 5, 'n_estimators': 100, 'scale_pos_weight': np.float64(6.102564102564102), 'subsample': 0.9}"
XGBoost,131,0.7886838676009633,0.010617061032105272,"{'colsample_bytree': 0.8, 'learning_rate': 0.01, 'max_depth': 5, 'n_estimators': 100, 'scale_pos_weight': np.float64(6.102564102564102), 'subsample': 0.9}"
RandomForest,80,0.7872850840997951,0.023501525778624643,"{'class_weight': 'balanced', 'max_depth': 25, 'min_samples_split': 5, 'n_estimators': 200}"
XGBoost,132,0.7869057387955255,0.015647163511343775,"{'colsample_bytree': 0.9, 'learning_rate': 0.01, 'max_depth': 5, 'n_estimators': 100, 'scale_pos_weight': np.float64(6.102564102564102), 'subsample': 0.8}"
LogisticRegression,2,0.7806457677274526,0.020735846774442637,"{'C': 0.1, 'penalty': 'l2', 'solver': 'liblinear'}"
LogisticRegression,3,0.7800461372590517,0.017203268759882293,"{'C': 0.1, 'penalty': 'l1', 'solver': 'liblinear'}"
LogisticRegression,4,0.7779860106961014,0.029018223239822526,"{'C': 1.0, 'penalty': 'l1', 'solver': 'liblinear'}"
XGBoost,133,0.7741490567696854,0.015517366735865644,"{'colsample_bytree': 0.9, 'learning_rate': 0.01, 'max_depth': 3, 'n_estimators': 300, 'scale_pos_weight': np.float64(6.102564102564102), 'subsample': 0.8}"
XGBoost,134,0.7737001167195653,0.012212578223772474,"{'colsample_bytree': 0.9, 'learning_rate': 0.01, 'max_depth': 3, 'n_estimators': 300, 'scale_pos_weight': np.float64(6.102564102564102), 'subsample': 0.9}"
XGBoost,135,0.7732482322757794,0.0136961319889017,"{'colsample_bytree': 0.8, 'learning_rate': 0.01, 'max_depth': 3, 'n_estimators': 300, 'scale_pos_weight': np.float64(6.102564102564102), 'subsample': 0.9}"
XGBoost,136,0.7730369830623229,0.016217636850253302,"{'colsample_bytree': 0.8, 'learning_rate': 0.01, 'max_depth': 3, 'n_estimators': 300, 'scale_pos_weight': np.float64(6.102564102564102), 'subsample': 0.8}"
LogisticRegression,5,0.7710990175772687,0.027886609114191926,"{'C': 1.0, 'penalty': 'l2', 'solver': 'liblinear'}"
LogisticRegression,6,0.7703617068658122,0.03223024662770276,"{'C': 10.0, 'penalty': 'l2', 'solver': 'liblinear'}"
LogisticRegression,7,0.7641628567238321,0.015622312371856842,"{'C': 10.0, 'penalty': 'l1', 'solver': 'liblinear'}"
SVM,3,0.7638071530240731,0.0170336392031619,"{'C': 1.0, 'gamma': 'auto', 'kernel': 'rbf'}"
SVM,4,0.7637616518588766,0.015927650644705,"{'C': 1.0, 'gamma': 'scale', 'kernel': 'rbf'}"
XGBoost,137,0.7585253295230754,0.018506454817076523,"{'colsample_bytree': 0.8, 'learning_rate': 0.01, 'max_depth': 3, 'n_estimators': 200, 'scale_pos_weight': np.float64(6.102564102564102), 'subsample': 0.8}"
XGBoost,138,0.7542141989989393,0.02030461341810527,"{'colsample_bytree': 0.9, 'learning_rate': 0.01, 'max_depth': 3, 'n_estimators': 200, 'scale_pos_weight': np.float64(6.102564102564102), 'subsample': 0.8}"
XGBoost,139,0.7537658252702121,0.024870994158375435,"{'colsample_bytree': 0.8, 'learning_rate': 0.01, 'max_depth': 3, 'n_estimators': 200, 'scale_pos_weight': np.float64(6.102564102564102), 'subsample': 0.9}"
XGBoost,140,0.7525058848760657,0.022289351151500356,"{'colsample_bytree': 0.9, 'learning_rate': 0.01, 'max_depth': 3, 'n_estimators': 200, 'scale_pos_weight': np.float64(6.102564102564102), 'subsample': 0.9}"
SVM,5,0.7449836151183193,0.030116368450467654,"{'C': 1.0, 'gamma': 'auto', 'kernel': 'linear'}"
SVM,5,0.7449836151183193,0.030116368450467654,"{'C': 10.0, 'gamma': 'auto', 'kernel': 'linear'}"
SVM,5,0.7449836151183193,0.030116368450467654,"{'C': 1.0, 'gamma': 'scale', 'kernel': 'linear'}"
SVM,5,0.7449836151183193,0.030116368450467654,"{'C': 0.1, 'gamma': 'auto', 'kernel': 'linear'}"
SVM,5,0.7449836151183193,0.030116368450467654,"{'C': 0.1, 'gamma': 'scale', 'kernel': 'linear'}"
SVM,5,0.7449836151183193,0.030116368450467654,"{'C': 10.0, 'gamma': 'scale', 'kernel': 'linear'}"
XGBoost,141,0.7384350105923831,0.023552913309032194,"{'colsample_bytree': 0.8, 'learning_rate': 0.01, 'max_depth': 3, 'n_estimators': 100, 'scale_pos_weight': np.float64(6.102564102564102), 'subsample': 0.9}"
XGBoost,142,0.7380256011990334,0.024112580419847204,"{'colsample_bytree': 0.9, 'learning_rate': 0.01, 'max_depth': 3, 'n_estimators': 100, 'scale_pos_weight': np.float64(6.102564102564102), 'subsample': 0.8}"
XGBoost,143,0.7368238093385768,0.022014718442906592,"{'colsample_bytree': 0.8, 'learning_rate': 0.01, 'max_depth': 3, 'n_estimators': 100, 'scale_pos_weight': np.float64(6.102564102564102), 'subsample': 0.8}"
XGBoost,144,0.7362721218811766,0.022111972822969464,"{'colsample_bytree': 0.9, 'learning_rate': 0.01, 'max_depth': 3, 'n_estimators': 100, 'scale_pos_weight': np.float64(6.102564102564102), 'subsample': 0.9}"
LogisticRegression,8,0.692740219469129,0.014243299982732776,"{'C': 0.01, 'penalty': 'l1', 'solver': 'liblinear'}"
SVM,11,0.6559683711048736,0.011130295049771416,"{'C': 0.1, 'gamma': 'auto', 'kernel': 'rbf'}"
SVM,11,0.6559683711048736,0.011130295049771416,"{'C': 0.1, 'gamma': 'scale', 'kernel': 'rbf'}"
